<?xml version="1.0" encoding="utf-8"?>
<doc>
<assembly><name>fsc</name></assembly>
<members>
<member name="">

</member>
<member name="">

</member>
<member name="">

</member>
<member name="">

</member>
<member name="">

</member>
<member name="T:Microsoft.FSharp.Compiler.CommandLineMain.Driver">

</member>
<member name="T:Microsoft.FSharp.Compiler.CommandLineMain">

</member>
<member name="">

</member>
<member name="">

</member>
<member name="T:Pippo">

</member>
</members>
</doc>
