<?xml version="1.0" encoding="utf-8"?>
<doc>
<assembly><name>FSharp.FSBuild</name></assembly>
<members>
<member name="">

</member>
<member name="">

</member>
<member name="">

</member>
<member name="">

</member>
<member name="M:FSBuild.SR.toolpathUnknown">
<summary>
 ToolPath is unknown; specify the path to fsc.exe as the ToolPath property.
 (Originally from C:\Users\Henry\Desktop\3.0\Sep2012\src\fsharp\FSharp.Build\FSBuild.txt:2)
</summary>
</member>
<member name="P:FSBuild.SR.SwallowResourceText(System.Boolean)">
<summary>
 If set to true, then all error messages will just return the filled &apos;holes&apos; delimited by &apos;,,,&apos;s - this is for language-neutral testing (e.g. localization-invariant baselines).
</summary>
</member>
<member name="P:FSBuild.SR.SwallowResourceText">
<summary>
 If set to true, then all error messages will just return the filled &apos;holes&apos; delimited by &apos;,,,&apos;s - this is for language-neutral testing (e.g. localization-invariant baselines).
</summary>
</member>
<member name="M:FSBuild.SR.RunStartupValidation">
<summary>
 Call this method once to validate that all known resources are valid; throws if not
</summary>
</member>
<member name="">

</member>
<member name="">

</member>
<member name="">

</member>
</members>
</doc>
