<?xml version="1.0" encoding="utf-8"?>
<doc>
<assembly><name>CasanovaPrelude</name></assembly>
<members>
<member name="T:Casanova.Audio">

</member>
<member name="T:Casanova.Drawing">

</member>
<member name="T:Casanova.Input">
<summary>
 Provides input helper functions to read keyboard and mouse states.
</summary>
</member>
<member name="">

</member>
<member name="">

</member>
<member name="">

</member>
<member name="">

</member>
<member name="">

</member>
<member name="">

</member>
<member name="">

</member>
<member name="">

</member>
<member name="">

</member>
<member name="">

</member>
<member name="">

</member>
<member name="">

</member>
<member name="">

</member>
<member name="">

</member>
<member name="T:Casanova.Query">

</member>
<member name="">

</member>
<member name="">

</member>
<member name="">

</member>
<member name="">

</member>
<member name="">

</member>
<member name="">

</member>
<member name="">

</member>
<member name="">

</member>
<member name="T:Casanova.Set">

</member>
<member name="T:Casanova.StandardLibrary.Core">

</member>
<member name="">

</member>
<member name="">

</member>
<member name="">

</member>
<member name="">

</member>
<member name="">

</member>
<member name="">

</member>
<member name="">

</member>
<member name="">

</member>
<member name="">

</member>
<member name="">

</member>
<member name="">

</member>
<member name="">

</member>
<member name="">

</member>
<member name="">

</member>
<member name="">

</member>
<member name="">

</member>
<member name="">

</member>
<member name="">

</member>
<member name="">

</member>
<member name="P:Casanova.Utilities.time_speed">
<summary>
 Sets a speedup factor for the game dt
</summary>
</member>
<member name="M:Casanova.Utilities.encapsulate_return``1(Microsoft.FSharp.Core.FSharpFunc{``0,Microsoft.FSharp.Core.Unit},``0)">
<summary>
 Performs an operation on a value, and then returns the original value.
 Useful to perform operations such as printing the return value and then returning it: 
 x |&gt; encapsulate_return print
</summary>
</member>
<member name="M:Casanova.Utilities.launch_debugger">
<summary>
 Launch the debugger, but only if it is not running already.
</summary>
</member>
<member name="M:Casanova.Utilities.entropy(Microsoft.FSharp.Collections.FSharpList{System.Double})">
<summary>
 Compute the entropy in a list of numbers; assumes the list to add to 1.0.
</summary>
</member>
<member name="M:Casanova.Utilities.gauss(System.Single,System.Single,System.Single)">
<summary>
 Compute the probability of a value in a Gaussian of a certain average and variance.
</summary>
</member>
<member name="M:Casanova.Utilities.sqr``2(``0)">
<summary>
 Compute the square of a number.
</summary>
</member>
<member name="M:Casanova.Utilities.List`1.Normalize.Static``3(Microsoft.FSharp.Collections.FSharpList{``1})">
<summary>
 Normalize a list of positive values
</summary>
</member>
<member name="M:Casanova.Utilities.List`1.NormalizeBy.Static``4(Microsoft.FSharp.Core.FSharpFunc{``0,System.Tuple{``1,``3}},Microsoft.FSharp.Core.FSharpFunc{``2,Microsoft.FSharp.Core.FSharpFunc{``3,``0}},Microsoft.FSharp.Collections.FSharpList{``0})">
<summary>
 Normalize a list of arbitrary elements; needs a &quot;decompose&quot; 
 function to extract the (positive) value to normalize by, and a
 &quot;rebuild&quot; function to return the normalized value
</summary>
</member>
<member name="M:Casanova.Utilities.List`1.Randomize.Static``1(Microsoft.FSharp.Collections.FSharpList{``0})">
<summary>
 Randomly change the order of the elements of a list
</summary>
</member>
<member name="M:Casanova.Utilities.List`1.for_i.Static``1(System.Collections.Generic.IEnumerable{``0})">
<summary>
 Create an iterator where each element of the list is paired with its index.
</summary>
</member>
<member name="M:Casanova.Utilities.List`1.get_Last``1(Microsoft.FSharp.Collections.FSharpList{``0})">
<summary>
 Get the last element of a list.
</summary>
</member>
<member name="M:Casanova.Utilities.List`1.RandomElement.Static``1(Microsoft.FSharp.Collections.FSharpList{``0})">
<summary>
 Get a random element of the list.
</summary>
</member>
<member name="M:Casanova.Utilities.List`1.TryRandomElement.Static``1(Microsoft.FSharp.Collections.FSharpList{``0})">
<summary>
 Get a random element; if the list is empty, return None.
</summary>
</member>
<member name="M:Casanova.Utilities.tryMinBy``2(Microsoft.FSharp.Core.FSharpFunc{``0,``1},System.Collections.Generic.IEnumerable{``0})">
<summary>
 Computes the smooth interpolation between two numbers
 Find the minimum element in a sequence; if the sequence is empty, then return None
</summary>
</member>
<member name="M:Casanova.Utilities.sigmoid(System.Double)">
<summary>
 Computes the sigmoid (logistic curve) of a 64-bit floating point number.
</summary>
</member>
<member name="M:Casanova.Utilities.sin``1(System.Single)">
<summary>
 Computes the sine of a floating point number with unit of measure.
</summary>
</member>
<member name="M:Casanova.Utilities.cos``1(System.Single)">
<summary>
 Computes the cosine of a floating point number with unit of measure.
</summary>
</member>
<member name="M:Casanova.Utilities.with_measure``1">
<summary>
 Adds units of measure to a floating point number.
</summary>
</member>
<member name="M:Casanova.Utilities.to_meters_per_second(System.Single)">
<summary>
 Convert kilometers per hour to meters per second.
</summary>
</member>
<member name="M:Casanova.Utilities.random_interval(System.Int32,System.Int32)">
<summary>
 Generates a random floating-point 32-bit number between two values with unit of measure.
 Generates a random integer between two values.
</summary>
</member>
<member name="M:Casanova.Utilities.lerp64``1(System.Double,System.Double,System.Double)">
<summary>
 Performs a linear interpolation between two 64-bit floating-point values with unit of measure.
</summary>
</member>
<member name="M:Casanova.Utilities.lerp``1(System.Single,System.Single,System.Single)">
<summary>
 Performs a linear interpolation between two 32-bit floating-point values with unit of measure.
</summary>
</member>
<member name="M:Casanova.Utilities.random_int">
<summary>
 Generates a random integer.
</summary>
</member>
<member name="M:Casanova.Utilities.random_double">
<summary>
 Generates a random floating-point 64-bit number between 0 and 1.
</summary>
</member>
<member name="">

</member>
<member name="T:Casanova.Utilities">

</member>
</members>
</doc>
